{
  "train_loss": [
    0.640970665216446,
    0.5965114629268646
  ],
  "val_loss": [
    0.6093719601631165,
    0.5624899451549237
  ],
  "train_iou": [
    0.5710506147113853,
    0.6542133703601546
  ],
  "val_iou": [
    0.632511644557565,
    0.6631269333379427
  ],
  "train_dice": [
    0.7140419363475492,
    0.7825367400261595
  ],
  "val_dice": [
    0.7699378139569634,
    0.7929778212001437
  ],
  "train_acc": [
    0.9583102162654664,
    0.9735469818090481
  ],
  "val_acc": [
    0.969107603412811,
    0.9731226211912449
  ],
  "train_precision": [
    0.6815557783752798,
    0.7840519452367712
  ],
  "val_precision": [
    0.7481293030643612,
    0.7890405521735856
  ],
  "train_recall": [
    0.7898827419176839,
    0.8066293792848185
  ],
  "val_recall": [
    0.7979061507846853,
    0.8014371961686233
  ]
}