{
  "train_loss": [
    0.6430847591161728,
    0.5945337641239167,
    0.5652000880241395,
    0.5348060524463654,
    0.5157923737168312,
    0.4888108253479004,
    0.46301664113998414,
    0.44230234205722807,
    0.4180618128180504,
    0.39455370903015136,
    0.37896895051002505,
    0.3501493138074875,
    0.3288378322124481,
    0.3107248951494694,
    0.29330795899033546,
    0.27542442560195923,
    0.2657878817617893,
    0.2397698386013508,
    0.22541651532053947,
    0.2103610361367464,
    0.19839345991611482,
    0.1851765702664852,
    0.17437650352716447,
    0.16300972759723664,
    0.15823652155697346,
    0.15163603551685811,
    0.1426063907891512,
    0.1464149560034275,
    0.13628308579325676,
    0.13067842669785024,
    0.1263328542560339,
    0.1245023662224412,
    0.12183340817689896,
    0.1140508109331131,
    0.11563789084553719,
    0.11263922732323409,
    0.10766546200960875,
    0.10590892516076565,
    0.1043238326907158,
    0.1048856645822525,
    0.10988697320222855,
    0.11067144196480512,
    0.10351023539900779,
    0.10237133923918008,
    0.09801926914602518,
    0.10084169145673513,
    0.09421373996883631,
    0.09549340289086103,
    0.09254644367843866,
    0.09541720073670149
  ],
  "val_loss": [
    0.6098706263762254,
    0.6202769096081073,
    0.5483709436196548,
    0.520726910004249,
    0.5086585718851823,
    0.5078753393429977,
    0.4866346006210034,
    0.4096194413992075,
    0.39711020772273725,
    0.38607455904667193,
    0.35281631579765904,
    0.3210069009890923,
    0.3198417929502634,
    0.31638912283457243,
    0.2723447256363355,
    0.25274989811273724,
    0.25878154085232663,
    0.21816638455941126,
    0.20660100074914786,
    0.19280351469149956,
    0.1918752113213906,
    0.1786663027910086,
    0.17905473651794288,
    0.21725260752897996,
    0.15487829194619104,
    0.14731452212883875,
    0.14667241619183466,
    0.1466515092895581,
    0.1570920107456354,
    0.1263624939780969,
    0.13101765570732263,
    0.14058056072546884,
    0.12242719531059265,
    0.11751544618835816,
    0.11764020100235939,
    0.12295933755544516,
    0.11722676112101628,
    0.11105363128276971,
    0.15647040995267722,
    0.12067940974464783,
    0.11587722456225982,
    0.17398035125090525,
    0.11410839425829741,
    0.15436013272175422,
    0.09937530755996704,
    0.1000934589940768,
    0.10139427993160027,
    0.12323529215959403,
    0.1040367681819659,
    0.13274148507760122
  ],
  "train_iou": [
    0.5598717587761045,
    0.6625100313880076,
    0.6906524069681192,
    0.7279898132659731,
    0.7069842717664798,
    0.7269454249165038,
    0.7456399287758027,
    0.74055164619534,
    0.7482165300658231,
    0.7557538956866415,
    0.7435556197223466,
    0.7619973550867957,
    0.7661524129614331,
    0.7625696773479609,
    0.7614382374302769,
    0.7607630654363622,
    0.7549021560468329,
    0.7690204103089268,
    0.7739461676691423,
    0.7774500432758594,
    0.78059021531159,
    0.7877767090907436,
    0.790031956987123,
    0.7972345248113818,
    0.7893739703218645,
    0.78835514353617,
    0.79683008651549,
    0.7785214044983068,
    0.7865569902735166,
    0.7931590403504798,
    0.7929104598333224,
    0.792078728234937,
    0.7935493843919581,
    0.8047856039121071,
    0.795905156770456,
    0.7954963085386568,
    0.8057371993897963,
    0.8016164289566313,
    0.8022187737644202,
    0.7999981401121556,
    0.7897287897975077,
    0.7840144432699758,
    0.7984759011587746,
    0.7970424935030073,
    0.8031817928174944,
    0.795753032215611,
    0.8086288982373617,
    0.8056883884095754,
    0.8102194406949472,
    0.805368046011782
  ],
  "val_iou": [
    0.5384856463867854,
    0.5085470636826498,
    0.712255088970113,
    0.7491288255152297,
    0.6188710147108458,
    0.5949136742432505,
    0.6779134375729263,
    0.6719692114911514,
    0.6587310160775209,
    0.7220220321110639,
    0.6737119684788208,
    0.7543927894832112,
    0.7338038799837019,
    0.6941651248433206,
    0.7717525804888047,
    0.7427485172655837,
    0.7386989474096204,
    0.7580586457164945,
    0.7642475218835749,
    0.7680239083883624,
    0.7645627002488482,
    0.7651238846171728,
    0.736721287523957,
    0.6342027823265046,
    0.7706240180329569,
    0.7725559220417287,
    0.7667326156199106,
    0.7564873641494345,
    0.7284589731741724,
    0.7860189838769165,
    0.7709145943303535,
    0.7401785103745172,
    0.7830819632725766,
    0.7874567302998481,
    0.7863223696861105,
    0.7708258231272916,
    0.7765797575926351,
    0.7878917443597208,
    0.7220284221701915,
    0.7630884881000656,
    0.7696953524679278,
    0.6515290610974754,
    0.7731752592529476,
    0.6859088873789165,
    0.8023660274236784,
    0.7992623160195337,
    0.7967958328731892,
    0.7504773518472327,
    0.7906083972773199,
    0.7302177469230794
  ],
  "train_dice": [
    0.7006666668645424,
    0.7889125275200393,
    0.8131957640913805,
    0.8389103732290326,
    0.8221630803367804,
    0.8359358318743473,
    0.85033507553822,
    0.8473415423507931,
    0.8518724497363429,
    0.8580351999653223,
    0.8490826572349195,
    0.8610448560035789,
    0.8645526180773291,
    0.8603692990706461,
    0.8609255081750635,
    0.8580840935684495,
    0.8537288131408394,
    0.8661427706802054,
    0.8696285330148893,
    0.8724609813004123,
    0.8733033210910672,
    0.8787843585945574,
    0.8796059519772033,
    0.8851153078666427,
    0.8793891909599906,
    0.8786013075372332,
    0.884054063286755,
    0.872076780990605,
    0.8770875749465197,
    0.8812522786202723,
    0.8814638128243121,
    0.8810460562218,
    0.8819413490060031,
    0.8895005384586738,
    0.8835894900101512,
    0.8836375599082608,
    0.8897727061709212,
    0.8875010941387973,
    0.8869151929527982,
    0.8864868665952611,
    0.8775397907912168,
    0.8737443668242132,
    0.8848631710371742,
    0.8837840907654148,
    0.8878294843194601,
    0.8830504073353943,
    0.8915356363783499,
    0.8888240564398356,
    0.8924990460684227,
    0.8877183036585751
  ],
  "val_dice": [
    0.6967769029440009,
    0.6705739041325363,
    0.8282318767541812,
    0.853313818355691,
    0.761122589184321,
    0.7429464047324108,
    0.8061198427783594,
    0.8003776925226085,
    0.7904304454548629,
    0.8369135818121399,
    0.801730305412331,
    0.8567498258852689,
    0.8448879258910117,
    0.8156485843361415,
    0.8683342435122323,
    0.8502030249440596,
    0.847041207236357,
    0.8594393993932385,
    0.8633592158259045,
    0.865769069372189,
    0.8646905860033266,
    0.8646109778174187,
    0.8452692165724425,
    0.7744316251045908,
    0.8679794902216387,
    0.8691627139966125,
    0.8650295920190335,
    0.8583965275538996,
    0.8410110660274394,
    0.8772934521728958,
    0.868304994296995,
    0.8474642943295205,
    0.8759534350953877,
    0.8783011860331693,
    0.8777885834111792,
    0.8682549248525884,
    0.8720092526783362,
    0.8786113279004771,
    0.8352687323191383,
    0.8626298204656317,
    0.8671242320835139,
    0.7864879659223933,
    0.8700927665076049,
    0.811774655559083,
    0.8872276431427621,
    0.8854514005004306,
    0.884156359806322,
    0.8552464436882065,
    0.8807652630451076,
    0.8409996099985886
  ],